INSERT INTO PASSENGER ()
VALUES
('JD001', 'John', 'Doe', 123, 'Main St', 'Birmingham', 'B1 1BD', '1990-01-15', '07234567890', 'john.doe@email.co.uk', 'GB1234567', 'British'),
('PS002', 'Parnia', 'Samimi', 456, 'Oak St', 'Bath', 'BA1 0YG', '1985-05-20', '07876543210', 'parnia.samimi@email.com', 'IRN876543', 'Iraninan'),
('JJ003', 'Jaspreet', 'Johnson', 789, 'Maple St', 'Blackburn', 'BB1 1BD', '1998-07-10', '07678901234', 'jaspreet.j@email.com', 'IN3456789', 'Indian'),
('MW004', 'Maryam', 'Williams', 321, 'Pine St', 'Bolton', 'S98 1BY', '1975-12-03', '07765432109', 'maryam.w@email.com', 'PK2345678', 'Pakistani'),
('ED005', 'Eva', 'Davis', 654, 'Cedar St', 'Bristol', 'BS1 1HT', '1992-09-28', '07456789012', 'eva.d@email.com', 'GR4567890', 'German'),
('DB006', 'David', 'Brown', 234, 'Birch St', 'London', 'SW1A 1AA', '1982-03-18', '07890123456', 'david.b@email.co.uk', 'GB3456789', 'British'),
('ET007', 'Emma', 'Taylor', 567, 'Willow St', 'Manchester', 'M1 1AB', '1995-06-25', '07901234567', 'emma.t@email.com', 'GB4567890', 'British'),
('CJ008', 'Conall', 'Jones', 890, 'Cypress St', 'Glasgow', 'G2 2BA', '1988-11-08', '07123456789', 'conall.j@email.com', 'IR5678901', 'Irish'),
('SC009', 'Sophie', 'Clark', 123, 'Fern St', 'Birmingham', 'B3 3GD', '1993-04-12', '07234567890', 'sophie.c@email.com', 'IT6789012', 'Italian'),
('DW010', 'Daniel', 'White', 456, 'Holly St', 'Bristol', 'BS1 1DE', '1977-08-30', '07345678901', 'daniel.w@email.com', 'JP7890123', 'Japanese'),
('OW011', 'Olivia', 'Wilson', 789, 'Larch St', 'Edinburgh', 'EH1 1FG', '1990-09-14', '07345678901', 'olivia.w@email.co.uk', 'GB9012345', 'British'),
('WS012', 'William', 'Smith', 321, 'Juniper St', 'Cardiff', 'CF1 1HA', '1985-02-22', '07567890123', 'william.s@email.com', 'GB1234567', 'British'),
('GL013', 'Grace', 'Liu', 654, 'Maple St', 'Belfast', 'BT1 1JH', '1998-05-03', '07678901234', 'grace.l@email.com', 'CN2345678', 'Chinese'),
('AA014', 'Arzu', 'Aqbash', 987, 'Beech St', 'Newcastle', 'NE1 1LN', '1973-12-10', '07789012345', 'arzu.a@email.com', 'TR3456789', 'Turkish'),
('LH015', 'Lily', 'Harris', 210, 'Oak St', 'Liverpool', 'L1 1NP', '1991-07-28', '07890123456', 'lily.h@email.com', 'GB4567890', 'British'),
('MA016', 'Mohammed', 'Ali', 123, 'Curzon St', 'Birmingham', 'B3 1FN', '1980-04-05', '07345678901', 'mohammed.ali@email.com', 'UAE123456', 'Arab'),
('SC017', 'Sofia', 'Choi', 456, 'Bamboo St', 'Worcester', 'WR1 1HA', '1994-08-15', '07456787012', 'sofia.choi@email.com', 'KR7890123', 'Korean'),
('CL018', 'Carlos', 'Lopez', 789, 'Orchard St', 'Aberdeen', 'AB10 1AX', '1987-01-20', '07567890123', 'carlos.l@email.com', 'MX9876543', 'Mexican'),
('PP019', 'Priya', 'Patel', 210, 'Tulip St', 'York', 'YO1 6BD', '1999-03-12', '07678901234', 'priya.patel@email.com', 'IN2345678', 'Indian'),
('YT020', 'Yusuke', 'Tanaka', 543, 'Watford Road', 'Nottingham', 'NG1 2ND', '2002-11-28', '07789012345', 'yusuke.tanaka@email.com', 'JP3456789', 'Japanese');

INSERT INTO AIRLINE (AirlineName, Origin, IATACode, ICAOCode, BaggageAllowance)
VALUES
('British Airways', 'united kingdom', 'LHR', 'EGLL', 25),
('Emirates', 'united arab emirates', 'AUH', 'OMAA', 30),
('Lufthansa', 'germany', 'BER', 'EDDB', 20),
('Qatar Airways', 'qatar', 'DIA', 'OTBD', 28),
('Turkish Airlines', 'turkey', 'ESB', 'LTAC', 27);

INSERT INTO TERMINAL ()
VALUES
('T1'),
('T2'),
('T3'),
('T4');

INSERT INTO SECURITY_ZONE (ZoneName)
VALUES
('cctv-room'),
('border-control'),
('passenger-check'),
('baggage-check'); 

#RUN insert employees file 

INSERT INTO GATE (GateStatus, TerminalID)
VALUES
('opened', 'T1'), ('waiting', 'T2'),('closed', 'T3'),('opened', 'T4'),('opened', 'T1'),
('closed', 'T2'),('opened', 'T3'),('closed', 'T4'),('opened', 'T1'),('waiting', 'T2'),
('opened', 'T3'),('closed', 'T1'),('opened', 'T2'),('closed', 'T3'),('closed', 'T4'),
('waiting', 'T3'),('closed', 'T1'),('closed', 'T3'),('opened', 'T2'),('waiting', 'T4'),
('closed', 'T1'),('opened', 'T2'),('closed', 'T3'),('closed', 'T1'),('opened', 'T1'),
('opened', 'T3'),('waiting', 'T2'),('opened', 'T1'),('opened', 'T2'),('closed', 'T3'),
('waiting', 'T4'),('closed', 'T1'),('closed', 'T2'),('opened', 'T3'),('opened', 'T1'),
('waiting', 'T2'),('opened', 'T3'),('opened', 'T4'),('waiting', 'T1'),('closed', 'T2');

INSERT INTO FLIGHT ()
VALUES
('BA001', 'LHR', 'JFK', '2023-01-01 08:00:00', '2023-01-01 14:00:00', 2500.50, 'Boeing 737', 150, 'no', 'departed', 'international', 1),
('ER002', 'BHX', 'AUH', '2023-01-02 10:30:00', '2023-01-02 16:30:00', 1800.75, 'Airbus A320', 120, 'yes', 'delayed', 'international', 2),
('LF003', 'BER', 'MIA', '2023-01-03 12:15:00', '2023-01-03 17:45:00', 1200.25, 'Boeing 777', 200, 'no', 'arrived', 'international', 3),
('QA004', 'ATL', 'DIA', '2023-02-20 18:45:00', '2023-02-20 22:30:00', 900.00, 'Airbus A330', 180, 'no', 'landed', 'international', 35),
('TA005', 'LHR', 'ESB', '2023-02-21 07:30:00', '2023-02-21 13:30:00', 2500.50, 'Boeing 747', 180, 'yes', 'delayed', 'international', 4),
('TA006', 'ESB', 'MAN', '2023-02-22 09:45:00', '2023-02-22 15:45:00', 1800.75, 'Airbus A321', 140, 'no', 'departed', 'international', 5),
('BA007', 'LHR', 'DFW', '2023-02-23 11:30:00', '2023-02-23 16:00:00', 1200.25, 'Boeing 787', 220, 'no', 'landed', 'international', 6),
('BA008', 'DEN', 'LHR', '2023-03-10 17:15:00', '2023-03-10 21:00:00', 900.00, 'Airbus A350', 160, 'yes', 'delayed', 'international', 10),
('ER009', 'LAX', 'AUH', '2023-03-11 19:45:00', '2023-03-11 23:30:00', 1500.25, 'Boeing 767', 190, 'no', 'arrived', 'international', 11),
('ER010', 'MAN', 'AUH', '2023-03-12 21:30:00', '2023-03-13 02:00:00', 1200.75, 'Airbus A320', 130, 'no', 'arrived', 'international', 25),
('QA011', 'DIA', 'BHX', '2023-04-20 14:45:00', '2023-04-20 19:15:00', 800.50, 'Boeing 737', 170, 'yes', 'delayed', 'international', 15),
('BA012', 'EDI', 'LHR', '2023-05-01 08:30:00', '2023-05-01 10:30:00', 1200.00, 'Airbus A330', 200, 'No', 'arrived', 'domestic', 8),
('ER013', 'BHX', 'AUH', '2023-05-02 10:00:00', '2023-05-02 16:00:00', 800.75, 'Boeing 747', 180, 'Yes', 'departed', 'international', 9),
('LF014', 'BER', 'MIA', '2023-05-03 12:45:00', '2023-05-03 17:15:00', 1300.25, 'Airbus A320', 150, 'No', 'arrived', 'international', 13),
('TA015', 'ESB', 'BER', '2023-05-04 14:30:00', '2023-05-04 19:00:00', 1000.50, 'Boeing 777', 220, 'yes', 'delayed', 'international', 14),
('QA016', 'DIA', 'ATL', '2023-05-05 16:15:00', '2023-05-05 20:00:00', 1100.75, 'Airbus A350', 190, 'no', 'arrived', 'international', 16),
('BA017', 'LHR', 'ORD', '2023-05-06 07:30:00', '2023-05-06 12:00:00', 1200.25, 'Boeing 737', 170, 'yes', 'delayed', 'international', 5),
('LF018', 'BER', 'MIA', '2023-05-07 09:15:00', '2023-05-07 13:45:00', 1000.50, 'Airbus A320', 140, 'no', 'departed', 'international', 7),
('QA019', 'DIA', 'ATL', '2023-05-08 11:00:00', '2023-05-08 15:30:00', 1300.75, 'Boeing 747', 200, 'yes', 'arrived', 'international', 10),
('QA020', 'LAX', 'DIA', '2023-05-09 12:45:00', '2023-05-09 17:15:00', 1100.00, 'Airbus A330', 160, 'no', 'landed', 'international', 12),
('BA021', 'MIA', 'LHR', '2023-05-10 14:30:00', '2023-05-10 19:00:00', 900.75, 'Boeing 777', 190, 'no', 'delayed', 'international', 13),
('TA022', 'LHR', 'ESB', '2023-05-11 16:15:00', '2023-05-11 20:45:00', 1200.25, 'Airbus A350', 180, 'yes', 'departed', 'international', 14),
('LF023', 'BER', 'LAX', '2023-05-12 18:00:00', '2023-05-12 22:30:00', 1500.50, 'Boeing 787', 210, 'no', 'landed', 'international', 16),
('QA024', 'DIA', 'DFW', '2023-05-13 19:45:00', '2023-05-13 23:15:00', 800.00, 'Airbus A320', 140, 'no', 'departed', 'international', 2),
('QA025', 'MIA', 'DIA', '2023-05-14 21:30:00', '2023-05-15 02:00:00', 1200.75, 'Boeing 737', 170, 'yes', 'delayed', 'international', 4),
('QA026', 'LAX', 'DIA', '2023-05-16 23:15:00', '2023-05-17 03:45:00', 900.50, 'Airbus A330', 160, 'no', 'landed', 'international', 6),
('BA027', 'ORD', 'LHR', '2023-05-18 01:00:00', '2023-05-18 05:30:00', 1100.00, 'Boeing 747', 200, 'yes', 'landed', 'international', 8),
('TA028', 'ESB', 'MIA', '2023-05-19 02:45:00', '2023-05-19 07:15:00', 1300.25, 'Airbus A350', 180, 'no', 'departed', 'international', 11),
('QA029', 'ATL', 'DIA', '2023-05-20 04:30:00', '2023-05-20 09:00:00', 1000.75, 'Boeing 777', 190, 'no', 'departed', 'international', 15),
('TA030', 'ESB', 'BAH', '2023-05-21 06:15:00', '2023-05-21 10:45:00', 1200.50, 'Airbus A320', 140, 'yes', 'delayed', 'international', 3),
('QA031', 'DIA', 'MIA', '2023-05-22 08:00:00', '2023-05-22 12:30:00', 1500.75, 'Boeing 787', 210, 'no', 'arrived', 'international', 9),
('QA032', 'DIA', 'ATL', '2023-05-23 09:45:00', '2023-05-23 14:15:00', 800.25, 'Airbus A330', 160, 'no', 'landed', 'international', 13),
('BA033', 'LHR', 'SFO', '2023-05-24 11:30:00', '2023-05-24 16:00:00', 900.50, 'Boeing 737', 170, 'yes', 'delayed', 'international', 1),
('ER034', 'AUH', 'MAN', '2023-05-25 13:15:00', '2023-05-25 17:45:00', 1100.75, 'Airbus A320', 140, 'no', 'landed', 'international', 7),
('ER035', 'DFW', 'AUH', '2023-05-26 15:00:00', '2023-05-26 19:30:00', 1300.00, 'Boeing 747', 200, 'yes', 'delayed', 'international', 10),
('TA037', 'DIA', 'ESB', '2023-05-27 16:45:00', '2023-05-27 21:15:00', 1000.25, 'Airbus A350', 180, 'no', 'arrived', 'international', 12),
('LF038', 'BER', 'LAX', '2023-05-27 16:45:00', '2023-05-27 21:15:00', 7000.25, 'Airbus A350', 180, 'no', 'arrived', 'international', 12),
('QA039', 'DIA', 'LAX', '2023-05-27 16:45:00', '2023-05-27 21:15:00', 1000.25, 'Airbus A350', 180, 'no', 'delayed', 'international', 12),
('BA040', 'EDI', 'LHR', '2023-06-10 14:30:00', '2023-06-10 16:45:00', 3450.50, 'Boeing 777', 250, 'yes', 'landed', 'domestic', 32),
('ER041', 'AUH', 'HND', '2023-07-15 12:45:00', '2023-07-15 19:30:00', 1200.25, 'Airbus A320', 180, 'no', 'departed', 'international', 37),
('QA042', 'CDG', 'DIA', '2023-08-20 09:15:00', '2023-08-20 11:30:00', 450.75, 'Embraer E190', 110, 'no', 'landed', 'international', 17),
('TA043', 'ESB', 'BCN', '2023-09-25 14:00:00', '2023-09-25 16:30:00', 520.50, 'Boeing 737', 160, 'no', 'arrived', 'international', 8),
('LF044', 'BER', 'AKL', '2023-10-30 18:45:00', '2023-10-31 02:15:00', 2130.25, 'Airbus A380', 300, 'yes', 'delayed', 'international', 14),
('TA045', 'ESB', 'HKG', '2023-11-05 20:30:00', '2023-11-05 22:45:00', 400.75, 'Boeing 787', 170, 'no', 'departed', 'international', 19),
('LF046', 'DEL', 'BER', '2023-12-12 06:00:00', '2023-12-12 08:15:00', 610.50, 'Airbus A330', 200, 'no', 'departed', 'international', 25),
('QA047', 'MEX', 'DIA', '2024-01-18 15:20:00', '2024-01-18 17:45:00', 120.25, 'Boeing 737', 150, 'no', 'arrived', 'international', 32),
('BA048', 'MAN', 'GLA', '2024-02-22 11:10:00', '2024-02-22 12:30:00', 800.75, 'Airbus A350', 220, 'no', 'departed', 'domestic', 16),
('ER049', 'FRA', 'AUH', '2024-03-28 07:30:00', '2024-03-28 09:45:00', 900.50, 'Boeing 747', 280, 'no', 'delayed', 'international', 22),
('QA050', 'DIA', 'MAD', '2024-03-28 07:30:00', '2024-03-28 09:45:00', 900.50, 'Boeing 787', 170, 'no', 'arrived', 'international', 38),
('BA051', 'LHR', 'BER', '2020-01-01 07:00:00', '2023-01-01 14:00:00', 1500.50, 'Boeing 737', 150, 'no', 'departed', 'international', 1),
('ER052', 'DIA', 'AUH', '2020-01-02 10:30:00', '2023-01-02 16:30:00', 1500.75, 'Airbus A320', 180, 'yes', 'delayed', 'international', 2),
('LF053', 'JFK', 'MIA', '2020-02-03 12:00:00', '2023-01-03 13:45:00', 1200.25, 'Boeing 777', 200, 'no', 'delayed', 'international', 3),
('QA054', 'ATL', 'BHX', '2020-03-20 18:30:00', '2023-02-20 22:30:00', 900.00, 'Airbus A330', 150, 'no', 'landed', 'international', 35),
('TA055', 'LHR', 'ESB', '2020-03-21 09:30:00', '2023-02-21 13:30:00', 2500.50, 'Boeing 747', 180, 'yes', 'delayed', 'international', 4),
('ER056', 'BHX', 'AUH', '2020-03-12 21:30:00', '2023-03-13 02:00:00', 1200.75, 'Airbus A320', 130, 'no', 'arrived', 'international', 25),
('QA057', 'DIA', 'EDI', '2020-04-20 14:45:00', '2023-04-20 19:15:00', 800.50, 'Boeing 737', 170, 'yes', 'delayed', 'international', 15),
('BA058', 'MAN', 'LHR', '2020-05-01 08:30:00', '2023-05-01 10:30:00', 1200.00, 'Airbus A330', 200, 'No', 'arrived', 'domestic', 8),
('ER059', 'BHX', 'AUH', '2020-05-02 10:00:00', '2023-05-02 16:00:00', 800.75, 'Boeing 747', 180, 'Yes', 'departed', 'international', 9),
('LF060', 'BER', 'MIA', '2020-05-03 12:45:00', '2023-05-03 17:15:00', 1300.25, 'Airbus A320', 150, 'No', 'arrived', 'international', 13),
('TA061', 'ESB', 'BER', '2020-05-04 14:30:00', '2023-05-04 19:00:00', 1000.50, 'Boeing 777', 220, 'yes', 'delayed', 'international', 14),
('QA062', 'DIA', 'ATL', '2020-05-05 16:15:00', '2023-05-05 20:00:00', 1100.75, 'Airbus A350', 190, 'no', 'arrived', 'international', 16),
('BA063', 'LHR', 'ORD', '2020-05-06 07:30:00', '2023-05-06 12:00:00', 1200.25, 'Boeing 737', 170, 'yes', 'delayed', 'international', 5),
('LF064', 'BER', 'MIA', '2020-05-07 09:15:00', '2023-05-07 13:45:00', 1000.50, 'Airbus A320', 140, 'no', 'departed', 'international', 7),
('QA065', 'DIA', 'ATL', '2021-05-08 11:00:00', '2023-05-08 15:30:00', 1300.75, 'Boeing 747', 200, 'yes', 'arrived', 'international', 10),
('QA066', 'LAX', 'DIA', '2021-05-09 12:45:00', '2023-05-09 17:15:00', 1100.00, 'Airbus A330', 160, 'no', 'landed', 'international', 12),
('BA067', 'MIA', 'LHR', '2021-05-10 14:30:00', '2023-05-10 19:00:00', 900.75, 'Boeing 777', 190, 'no', 'delayed', 'international', 13),
('TA068', 'LHR', 'ESB', '2021-05-11 16:15:00', '2023-05-11 20:45:00', 1200.25, 'Airbus A350', 180, 'yes', 'departed', 'international', 14),
('LF069', 'BER', 'LAX', '2021-05-12 18:00:00', '2023-05-12 22:30:00', 1500.50, 'Boeing 787', 210, 'no', 'landed', 'international', 16),
('QA070', 'DIA', 'DFW', '2021-05-13 19:45:00', '2023-05-13 23:15:00', 800.00, 'Airbus A320', 140, 'no', 'departed', 'international', 2),
('QA071', 'MIA', 'DIA', '2021-05-14 21:30:00', '2023-05-15 02:00:00', 1200.75, 'Boeing 737', 170, 'yes', 'delayed', 'international', 4),
('QA072', 'LAX', 'DIA', '2021-05-16 23:15:00', '2023-05-17 03:45:00', 900.50, 'Airbus A330', 160, 'no', 'landed', 'international', 6),
('BA073', 'ORD', 'LHR', '2021-05-18 01:00:00', '2023-05-18 05:30:00', 1100.00, 'Boeing 747', 200, 'yes', 'arrived', 'international', 8),
('TA074', 'ESB', 'MIA', '2021-05-19 02:45:00', '2023-05-19 07:15:00', 1300.25, 'Airbus A350', 180, 'no', 'departed', 'international', 11),
('QA075', 'ATL', 'DIA', '2021-05-20 04:30:00', '2023-05-20 09:00:00', 1000.75, 'Boeing 777', 190, 'no', 'departed', 'international', 15),
('TA076', 'ESB', 'BAH', '2021-05-21 06:15:00', '2023-05-21 10:45:00', 1200.50, 'Airbus A320', 140, 'yes', 'delayed', 'international', 3),
('QA077', 'DIA', 'MIA', '2021-05-22 08:00:00', '2023-05-22 12:30:00', 1500.75, 'Boeing 787', 200, 'no', 'departed', 'international', 9),
('QA078', 'DIA', 'ATL', '2021-05-23 09:45:00', '2023-05-23 14:15:00', 800.25, 'Airbus A330', 160, 'no', 'landed', 'international', 13),
('BA079', 'LHR', 'SFO', '2021-05-24 11:30:00', '2023-05-24 16:00:00', 900.50, 'Boeing 737', 170, 'yes', 'delayed', 'international', 1),
('ER080', 'AUH', 'MAN', '2021-05-25 13:15:00', '2023-05-25 17:45:00', 1100.75, 'Airbus A320', 140, 'no', 'landed', 'international', 7),
('ER081', 'DFW', 'AUH', '2021-05-26 15:00:00', '2023-05-26 19:30:00', 1300.00, 'Boeing 747', 200, 'yes', 'delayed', 'international', 10),
('TA082', 'DIA', 'ESB', '2021-05-27 16:45:00', '2023-05-27 21:15:00', 1000.25, 'Airbus A350', 180, 'no', 'arrived', 'international', 12),
('LF083', 'BER', 'LAX', '2021-05-27 15:45:00', '2023-05-27 21:15:00', 7000.25, 'Airbus A350', 180, 'no', 'arrived', 'international', 12),
('QA084', 'DIA', 'FRA', '2021-05-27 16:45:00', '2023-05-27 21:15:00', 1000.25, 'Airbus A350', 180, 'no', 'delayed', 'international', 12),
('BA085', 'EDI', 'LHR', '2021-06-10 14:30:00', '2023-06-10 16:45:00', 3450.50, 'Boeing 777', 210, 'yes', 'landed', 'domestic', 32),
('ER086', 'DEL', 'HND', '2021-07-15 12:30:00', '2023-07-15 19:30:00', 1200.25, 'Airbus A320', 180, 'no', 'departed', 'international', 37),
('QA087', 'CDG', 'DIA', '2021-08-20 09:15:00', '2023-08-20 11:30:00', 450.75, 'Embraer E190', 110, 'no', 'landed', 'international', 17),
('TA088', 'ESB', 'BCN', '2022-09-25 14:00:00', '2023-09-25 16:30:00', 520.50, 'Boeing 737', 160, 'no', 'arrived', 'international', 8),
('LF089', 'BER', 'AKL', '2022-10-30 22:45:00', '2023-10-31 01:15:00', 2130.25, 'Airbus A380', 300, 'yes', 'delayed', 'international', 14),
('TA090', 'ESB', 'HKG', '2022-11-05 20:30:00', '2023-11-05 22:45:00', 400.75, 'Boeing 787', 170, 'no', 'departed', 'international', 19),
('LF091', 'DEL', 'BER', '2022-12-12 06:00:00', '2023-12-12 08:15:00', 610.50, 'Airbus A330', 200, 'no', 'departed', 'international', 25),
('QA092', 'MEX', 'DIA', '2022-01-18 15:20:00', '2024-01-18 17:45:00', 120.25, 'Boeing 737', 150, 'no', 'arrived', 'international', 32),
('BA093', 'MAN', 'GLA', '2022-02-22 11:10:00', '2024-02-22 12:30:00', 800.75, 'Airbus A350', 220, 'no', 'departed', 'domestic', 16),
('ER094', 'LAX', 'AUH', '2022-03-28 07:30:00', '2024-03-28 09:45:00', 900.50, 'Boeing 747', 280, 'no', 'delayed', 'international', 22),
('QA095', 'DIA', 'MAD', '2022-03-28 07:30:00', '2024-03-28 09:45:00', 900.50, 'Boeing 787', 170, 'no', 'arrived', 'international', 38),
('ER096', 'AUH', 'MAN', '2022-05-25 13:15:00', '2023-05-25 17:30:00', 1100.75, 'Airbus A320', 140, 'no', 'landed', 'international', 7),
('ER097', 'DFW', 'AUH', '2022-05-26 15:00:00', '2023-05-26 19:30:00', 1300.00, 'Boeing 747', 200, 'yes', 'delayed', 'international', 11),
('TA098', 'DIA', 'ESB', '2022-05-27 16:45:00', '2023-05-27 21:15:00', 1000.25, 'Airbus A350', 180, 'no', 'arrived', 'international', 7),
('LF099', 'BER', 'LAX', '2022-05-27 16:45:00', '2023-05-27 21:15:00', 7000.25, 'Airbus A350', 180, 'no', 'arrived', 'international', 13),
('QA100', 'DIA', 'LAX', '2022-05-27 16:45:00', '2023-05-27 21:15:00', 1000.25, 'Airbus A350', 180, 'no', 'delayed', 'international', 10);

INSERT INTO TICKET (Class, Price, Seat, MealPreference, PassengerID, AirlineID)
VALUES
('economy', 50.00, 'A1', 'none', 'JD001', '1'), ('business', 75.00, 'B2', 'vegan', 'PS002', '2'), ('first', 100.00, 'C3', 'vegan', 'JJ003', '3'),
('economy', 60.00, 'D4', 'vegetarian', 'MW004', '4'), ('business', 80.00, 'E5', 'vegan', 'ED005', '5'), ('first', 120.00, 'F6', 'vegan', 'DB006', '5'),
('economy', 55.00, 'G7', 'vegan', 'ET007', '4'), ('business', 85.50, 'H8', 'none', 'CJ008', '3'), ('economy', 110.00, 'I9', 'none', 'SC009', '2'),
('economy', 70.00, 'J10', 'vegetarian', 'DW010', '1'), ('business', 90.00, 'K11', 'none', 'OW011', '1'), ('first', 130.00, 'L12', 'vegan', 'WS012', '2'),
('economy', 65.00, 'M13', 'none', 'GL013', '3'), ('business', 95.00, 'N14', 'vegetarian', 'AA014', '4'), ('first', 115.00, 'O15', 'vegan', 'LH015', '5'),
('economy', 75.00, 'P16', 'none', 'MA016', '5'), ('business', 100.00, 'Q17', 'vegetarian', 'SC017', '4'), ('first',  140.00, 'R18', 'vegan', 'CL018', '3'),
('economy', 80.00, 'S19', 'vegetarian', 'PP019', '2'), ('business', 105.00, 'T20', 'vegan', 'YT020', '1'), ('first', 250.00, 'A1', 'none', 'JD001', '1'),
('economy', 75.00, 'B2', 'vegan', 'PS002', '2'), ('first', 100.00, 'C3', 'none', 'JJ003', '3'), ('economy', 60.00, 'D4', 'vegetarian', 'MW004', '4'),
('business', 80.00, 'E5', 'vegan', 'ED005', '5'), ('first', 120.00, 'F6', 'vegan', 'DB006', '5'), ('economy', 55.00, 'G7', 'vegan', 'ET007', '4'),
('business', 85.50, 'H8', 'none', 'CJ008', '3'), ('economy', 110.00, 'I9', 'none', 'SC009', '2'), ('economy', 70.00, 'E10', 'vegetarian', 'DW010', '1'),
('business', 90.00, 'K11', 'none', 'OW011', '1'), ('first', 250.00, 'L12', 'vegan', 'WS012', '2'), ('economy', 65.00, 'M13', 'none', 'GL013', '3'),
('business', 95.00, 'N14', 'vegetarian', 'AA014', '3'), ('first', 115.00, 'O15', 'vegan', 'LH015', '5'), ('economy', 75.00, 'P16', 'none', 'MA016', '5'),
('business', 100.00, 'Q17', 'vegetarian', 'SC017', '4'), ('first',  140.00, 'R18', 'vegan', 'CL018', '3'), ('economy', 80.00, 'S19', 'vegetarian', 'PP019', '2'),
('business', 105.00, 'T20', 'none', 'YT020', '1'), ('economy', 100.00, 'O15', 'none', 'LH015', '2'), ('economy', 75.00, 'P16', 'vegan', 'MA016', '1'),
('business', 100.00, 'Q17', 'vegetarian', 'SC017', '4'), ('first',  240.00, 'R18', 'none', 'CL018', '3'), ('economy', 80.00, 'S19', 'vegetarian', 'PP019', '2'),
('business', 105.00, 'T20', 'none', 'YT020', '1'), ('first', 100.00, 'C3', 'vegan', 'JJ003', '3'), ('economy', 60.00, 'D4', 'vegetarian', 'MW004', '4'),
('business', 80.00, 'E5', 'vegan', 'ED005', '5'), ('first', 120.00, 'F6', 'vegan', 'DB006', '5'), ('economy', 55.00, 'G7', 'vegan', 'ET007', '4'),
('business', 85.50, 'H8', 'none', 'CJ008', '3'); 

INSERT INTO BOARDING_PASS (TicketID, FlightID)
VALUES
(1, 'BA001'),(1, 'LF014'),(2, 'QA025'),(3, 'TA043'),(4, 'QA039'),
(5, 'LF014'),(5, 'ER034'),(6, 'BA001'),(7, 'QA025'),(7, 'LF046'),
(8, 'BA033'),(9, 'TA006'),(10, 'TA006'),(11, 'LF046'),(12, 'TA043'),
(12, 'QA025'),(13, 'TA006'),(13, 'ER034'),(14, 'LF014'),(14, 'TA006'),
(15, 'TA043'),(15, 'LF046'),(16, 'TA006'),(16, 'BA001'),(17, 'TA006'),
(17, 'QA039'),(18, 'ER034'),(18, 'BA033'),(19, 'TA043'),(20, 'LF014');

INSERT INTO BAGGAGE (Weight, BaggageType, BaggageStatus, BoardingPassID)
VALUES
(20.00, 'checked','checked-in', '1'), (22.50, 'checked','checked-in', '2'), (1.50, 'carry-on','loaded', '3'),
(19.30, 'checked','loaded', '4'), (28.77, 'checked','carousel', '5'), (23.00, 'checked','checked-in', '6'),
(2.80, 'carry-on','carousel', '7'), (17.59, 'checked','carousel', '8'), (24.44, 'checked','checked-in', '9'),
(1.01, 'carry-on','checked-in', '10'), (16.75, 'checked','loaded', '11'), (22.00, 'checked','carousel', '12'),
(15.50, 'checked','carousel', '13'), (22.10, 'checked','loaded', '14'), (18.95, 'checked','checked-in', '15'),
(17.50, 'checked','carousel', '16'), (1.70, 'carry-on','carousel', '17'), (21.01, 'checked','checked-in', '18'),
(18.55, 'checked','loaded', '19'), (21.40, 'checked','carousel', '20'), (25.50, 'checked','loaded', '21'),
(19.32, 'checked','loaded', '22'), (0.70, 'carry-on','loaded', '23'), (0.85, 'carry-on','carousel', '24'),
(20.00, 'checked','loaded', '25'), (18.50, 'checked','checked-in', '26'), (23.55, 'checked','checked-in', '27'),
(22.05, 'checked','checked-in', '28'), (21.40, 'checked','loaded', '29'), (24.45, 'checked','carousel', '30');

INSERT INTO SEC_SHIFT (ShiftDate, StartTime, EndTime, EmployeeID, SecurityZoneID)
VALUES 
('2024-01-01', '08:00:00', '16:00:00', 'MA001', 1), ('2024-01-01', '10:00:00', '18:00:00', 'SO002', 2), ('2024-01-02', '08:00:00', '16:00:00', 'SO003', 3),
('2024-01-02', '09:00:00', '17:00:00', 'SO004', 4), ('2024-01-03', '18:00:00', '02:00:00', 'SO005', 1), ('2024-01-03', '10:00:00', '18:00:00', 'SO006', 2),
('2024-01-04', '22:00:00', '06:00:00', 'SO007', 3), ('2024-01-04', '09:00:00', '17:00:00', 'SO008', 4), ('2024-01-04', '18:00:00', '02:00:00', 'SO009', 1),
('2024-01-05', '09:00:00', '17:00:000', 'SO010', 2), ('2024-01-05', '22:00:00', '06:00:000', 'SO011', 3), ('2024-01-05', '10:00:00', '18:00:000', 'SO012', 4),
('2024-01-06', '08:00:00', '16:00:00', 'SO013', 1), ('2024-01-06', '10:00:00', '18:00:00', 'SO014', 2), ('2024-01-07', '22:00:00', '06:00:00', 'SO015', 3),
('2024-01-07', '08:00:00', '16:00:00', 'SO016', 4), ('2024-01-07', '18:00:00', '02:00:00', 'SO017', 1), ('2024-01-07', '22:00:00', '06:00:00', 'SO018', 2),
('2024-01-08', '09:00:00', '17:00:00', 'SO019', 3), ('2024-01-08', '13:00:00', '21:00:00', 'SO020', 4), ('2024-01-08', '09:00:00', '17:00:00', 'SO021', 1),
('2024-01-08', '08:00:00', '16:00:00', 'SO022', 2), ('2024-01-09', '22:00:00', '06:00:00', 'SO023', 3), ('2024-01-09', '18:00:00', '02:00:00', 'SO024', 4),
('2024-01-10', '11:00:00', '19:00:00', 'SO025', 1), ('2024-01-10', '13:00:00', '21:00:00', 'MA001', 2), ('2024-01-10', '18:00:00', '02:00:00', 'SO002', 3),
('2024-01-10', '09:00:00', '17:00:00', 'SO003', 4), ('2024-01-11', '10:00:00', '18:00:00', 'SO004', 1), ('2024-01-11', '11:00:00', '19:00:00', 'SO005', 2),
('2024-01-12', '08:00:00', '16:00:00', 'SO006', 3), ('2024-01-12', '21:00:00', '05:00:00', 'SO007', 4), ('2024-01-12', '22:00:00', '06:00:00', 'SO007', 1),
('2024-01-13', '08:00:00', '16:00:00', 'SO008', 2), ('2024-01-13', '13:00:00', '21:00:00', 'SO009', 3), ('2024-01-14', '09:00:00', '17:00:00', 'SO010', 4),
('2024-01-14', '13:00:00', '21:00:00', 'SO011', 1), ('2024-01-14', '08:00:00', '16:00:00', 'SO012', 2), ('2024-01-14', '22:00:00', '06:00:00', 'SO013', 3),
('2024-01-15', '11:00:00', '19:00:00', 'SO014', 4), ('2024-01-15', '10:00:00', '18:00:00', 'SO015', 1), ('2024-01-16', '13:00:00', '21:00:00', 'SO016', 2),
('2024-01-16', '11:00:00', '19:00:00', 'SO017', 3), ('2024-01-16', '21:00:00', '05:00:00', 'SO018', 4), ('2024-01-17', '13:00:00', '21:00:00', 'SO019', 1),
('2024-01-17', '22:00:00', '06:00:00', 'SO020', 2), ('2024-01-17', '09:00:00', '17:00:00', 'SO021', 3), ('2024-01-18', '18:00:00', '02:00:00', 'SO022', 4),
('2024-01-18', '11:00:00', '19:00:00', 'SO023', 1), ('2024-01-19', '13:00:00', '21:00:00', 'SO024', 2), ('2024-01-19', '09:00:00', '17:00:00', 'SO025', 3),
('2024-01-19', '10:00:00', '18:00:00', 'MA001', 4), ('2024-01-20', '21:00:00', '05:00:00', 'SO002', 1), ('2024-01-20', '22:00:00', '06:00:00', 'SO003', 2),
('2024-01-20', '08:00:00', '16:00:00', 'SO004', 3), ('2024-02-01', '08:00:00', '16:00:00', 'MA001', 2), ('2024-02-10', '08:00:00', '16:00:00', 'MA001', 3),
('2024-02-11', '08:00:00', '16:00:00', 'MA001', 4), ('2024-02-10', '10:00:00', '14:00:00', 'SO003', 1), ('2024-02-20', '06:00:00', '12:00:00', 'SO003', 3),
('2024-02-25', '22:00:00', '06:00:00', 'SO003', 4), ('2024-02-15', '10:00:00', '18:00:00', 'SO015', 2), ('2024-02-16', '10:00:00', '18:00:00', 'SO015', 3),
('2024-02-17', '10:00:00', '18:00:00', 'SO015', 4);

INSERT INTO APS_SCHEDULE (ScheduleDate, StartTime, EndTime, EmployeeID, GateID)
VALUES 
('2024-01-01', '08:00:00', '16:00:00', 'AP026', 1), ('2024-01-01', '10:00:00', '18:00:00', 'AP027', 2), ('2024-01-02', '08:00:00', '16:00:00', 'AP028', 3),
('2024-01-02', '09:00:00', '17:00:00', 'AP029', 4), ('2024-01-03', '18:00:00', '02:00:00', 'AP030', 5), ('2024-01-03', '10:00:00', '18:00:00', 'AP031', 6),
('2024-01-04', '22:00:00', '06:00:00', 'AP032', 7), ('2024-01-04', '09:00:00', '17:00:00', 'AP033', 8), ('2024-01-04', '18:00:00', '02:00:00', 'AP034', 9),
('2024-01-05', '09:00:00', '17:00:000', 'AP035', 10), ('2024-01-05', '22:00:00', '06:00:000', 'AP036', 11), ('2024-01-05', '10:00:00', '18:00:000', 'AP037', 12),
('2024-01-06', '08:00:00', '16:00:00', 'AP038', 13), ('2024-01-06', '10:00:00', '18:00:00', 'AP039', 14), ('2024-01-07', '22:00:00', '06:00:00', 'AP040', 15),
('2024-01-07', '08:00:00', '16:00:00', 'AP041', 16), ('2024-01-07', '18:00:00', '02:00:00', 'AP042', 17), ('2024-01-07', '22:00:00', '06:00:00', 'AP043', 18),
('2024-01-08', '09:00:00', '17:00:00', 'AP044', 19), ('2024-01-08', '13:00:00', '21:00:00', 'AP045', 20), ('2024-01-08', '09:00:00', '17:00:00', 'AP046', 21),
('2024-01-08', '08:00:00', '16:00:00', 'AP047', 22), ('2024-01-09', '22:00:00', '06:00:00', 'AP048', 23), ('2024-01-09', '18:00:00', '02:00:00', 'AP049', 24),
('2024-01-10', '11:00:00', '19:00:00', 'AP050', 25), ('2024-01-10', '13:00:00', '21:00:00', 'AP026', 26), ('2024-01-10', '18:00:00', '02:00:00', 'AP027', 27), 
('2024-01-10', '09:00:00', '17:00:00', 'AP028', 28),('2024-01-11', '10:00:00', '18:00:00', 'AP029', 29), ('2024-01-11', '11:00:00', '19:00:00', 'AP030', 30);